{
  "filters_1": 64,
  "filters_2": 32,
  "filters_3": 64,
  "dense_1": 128,
  "dense_2": 256,
  "dropout": 0.2,
  "l2_reg": 2.330588876064649e-05,
  "learning_rate": 0.003437632621059782,
  "optimizer": "rmsprop"
}