{
  "input_shape": [
    3000,
    1
  ],
  "num_classes": 2,
  "class_names": [
    "CANDIDATE",
    "FALSE POSITIVE"
  ],
  "test_accuracy": 0.8140496015548706,
  "test_precision": 0.8140496015548706,
  "test_recall": 0.8140496015548706,
  "test_f1_score": 0.8140496015548706,
  "training_samples": 965,
  "testing_samples": 242,
  "total_samples": 1207
}